title,Deuterium uptake,
plot_type,line,
x_label,Residue ID,
y_label,Summed difference in uptake,
ylimits,-45,45
labels,Deuterium uptake difference,
hover_labels,Residue name,
axis_x,axis_y,axis_label
1,0,M
2,0,S
3,0.3,A
4,0.3,Q
5,-0.4,P
6,-0.4,A
7,-0.4,H
8,-0.4,L
9,-0.4,C
10,-0.4,F
11,0,R
12,0.5,S
13,0.5,F
14,0.5,V
15,0.5,E
16,0.5,A
17,0.5,L
18,1.4,K
19,2.3,V
20,2.3,D
21,2.3,N
22,2.3,D
23,2.3,L
24,0.6,V
25,0.6,E
26,-0.4,I
27,-1.1,N
28,-1.1,T
29,-1.1,P
30,-0.9,I
31,-0.9,D
32,-0.9,P
33,-0.9,N
34,-0.9,L
35,4,E
36,-0.3,A
37,0.4,A
38,-0.5,A
39,-0.5,I
40,-0.5,T
41,-0.5,R
42,-0.5,R
43,-0.5,V
44,-0.5,C
45,-0.5,E
46,-0.5,T
47,-1.5,N
48,0.1,D
49,0.1,K
50,0.1,A
51,0.1,P
52,0.1,L
53,0.1,F
54,0.3,N
55,0.3,N
56,0.3,L
57,0,I
58,0,G
59,0,M
60,0,K
61,0,N
62,0,G
63,0,L
64,0.2,F
65,0,R
66,-1,I
67,-1,L
68,1.6,G
69,1.6,A
70,1.6,P
71,1.6,G
72,1.6,S
73,1.6,L
74,1.6,R
75,-4.2,K
76,-4.2,S
77,-4.2,S
78,-4.2,A
79,-4.2,D
80,-4.2,R
81,-4.2,Y
82,-4.2,G
83,-4.2,R
84,0,L
85,0,A
86,-0.2,R
87,-0.2,H
88,-0.2,L
89,-0.2,A
90,-0.2,L
91,-0.2,P
92,-0.2,P
93,-0.2,T
94,-0.2,A
95,-0.2,S
96,-0.2,M
97,0,R
98,1,E
99,1,I
100,1,L
101,1,D
102,-10.1,K
103,-10.1,M
104,-10.1,L
105,-10.1,S
106,-10.1,A
107,0,S
108,10.6,D
109,10.6,M
110,10.6,P
111,10.6,P
112,10.6,I
113,10.6,P
114,10.6,P
115,10.6,T
116,10.6,I
117,10.6,V
118,10.6,P
119,10.6,T
120,10.6,G
121,10.6,P
122,10.6,C
123,10.6,K
124,-7.9,E
125,-7.9,N
126,1.8,S
127,1.8,L
128,1.8,D
129,1.8,D
130,1.8,S
131,1.8,E
132,1.3,F
133,-7.9,D
134,-0.1,L
135,-0.1,T
136,-1.7,E
137,-0.9,L
138,-2.2,P
139,-1.2,V
140,-1.2,P
141,-1.3,L
142,-1.3,I
143,-1.3,H
144,-1.6,K
145,-1.6,S
146,-1.6,D
147,-1.6,G
148,-1.6,G
149,-1.6,K
150,-1.6,Y
151,-1.9,I
152,-2.6,Q
153,-2.6,T
154,-2.6,Y
155,-2.6,G
156,-2.6,M
157,-1.5,H
158,-2.9,I
159,-2.9,V
160,-2.9,Q
161,-2.9,S
162,-2.9,P
163,-2.9,D
164,-2.9,G
165,-2.9,T
166,1.4,W
167,-6.3,T
168,-6.3,N
169,-6.3,W
170,0,S
171,-4.4,I
172,-4.4,A
173,-5.1,R
174,-5.1,A
175,-5.1,M
176,-0.5,V
177,-0.5,H
178,0,D
179,0,K
180,0,N
181,0,H
182,0,L
183,0,T
184,0,G
185,-3.5,L
186,0,V
187,-13.3,I
188,-13.3,P
189,-13.3,P
190,-13.3,Q
191,-13.3,H
192,-13.3,I
193,-13.3,W
194,-13.3,Q
195,-13.3,I
196,-13.3,H
197,-13.3,Q
198,-13.3,M
199,0,W
200,2.1,K
201,-0.3,K
202,-0.3,E
203,-0.3,G
204,-0.3,R
205,-0.3,S
206,-0.3,D
207,-0.3,V
208,-0.3,P
209,-0.3,W
210,-0.3,A
211,-0.3,L
212,-0.3,A
213,-0.4,F
214,-2.2,G
215,-2.2,V
216,-2.2,P
217,-2.2,P
218,-2.2,A
219,-2.2,A
220,-2.2,I
221,-2.2,A
222,0,S
223,-14.2,S
224,-14.2,M
225,-17,P
226,-17,I
227,-9.4,P
228,-9.4,D
229,-12.7,G
230,-12.7,V
231,-12.7,T
232,-12.7,E
233,-12.7,A
234,-12.7,G
235,-12.7,Y
236,-14.8,V
237,-11.8,G
238,-11.8,A
239,-11.8,M
240,-11.8,T
241,-0.8,G
242,-0.8,S
243,-0.8,S
244,-0.8,L
245,-0.8,E
246,-4.2,L
247,-1,V
248,-1,K
249,0.3,C
250,0.5,D
251,0.8,T
252,0.8,N
253,0.8,D
254,0.8,L
255,0.8,Y
256,1.9,V
257,1.1,P
258,1.1,A
259,1.1,T
260,1.1,S
261,1.1,E
262,1.1,I
263,0,V
264,0.1,L
265,0.1,E
266,0.1,G
267,0.1,T
268,0.1,L
269,0.1,S
270,0.1,I
271,-4.6,S
272,-3.7,E
273,-3.7,T
274,-3.7,G
275,-4.8,P
276,-4.9,E
277,-3.6,G
278,-3.6,P
279,-3.6,F
280,-3.6,G
281,-3.6,E
282,-3.6,M
283,-3.6,H
284,0,G
285,0,Y
286,0,I
287,0,F
288,0,P
289,0,G
290,0,D
291,0,T
292,0,H
293,0,L
294,0,G
295,0,A
296,0.1,K
297,0.1,Y
298,0.1,K
299,0.1,V
300,-0.7,N
301,-0.7,R
302,-0.7,I
303,-0.7,T
304,-0.7,Y
305,-0.7,R
306,-0.7,N
307,-0.7,N
308,-0.7,A
309,-3.7,I
310,-2.4,M
311,-2.4,P
312,-2.4,M
313,-2.4,S
314,-2.4,S
315,-5.1,C
316,-5.1,G
317,-5.1,R
318,-5.1,L
319,-5.1,T
320,-10.2,D
321,-10.2,E
322,-10.2,T
323,-10.2,H
324,-5.6,T
325,-8.7,M
326,-8.7,I
327,-8.7,G
328,-8.7,S
329,-8.7,L
330,-8.7,A
331,0,A
332,0,A
333,0,E
334,0.3,I
335,0.3,R
336,0.3,K
337,0.3,L
338,-6.6,C
339,-6.6,Q
340,-6.6,Q
341,-6.6,N
342,-3.7,D
343,-5.3,L
344,-5.3,P
345,-5.3,I
346,-7.5,T
347,-7.5,D
348,-7.5,A
349,-7.5,F
350,0,A
351,-4.4,P
352,-4.4,F
353,-4.4,E
354,-4.4,S
355,-4.4,Q
356,-4.4,V
357,-3.1,T
358,-3.1,W
359,-3.1,V
360,0,A
361,0,L
362,0,R
363,-0.7,V
364,-0.6,D
365,-0.6,T
366,-0.6,E
367,-0.6,K
368,-0.6,L
369,-0.6,R
370,-0.6,A
371,-0.6,M
372,0,K
373,-0.2,T
374,-0.2,T
375,-0.2,S
376,-0.2,E
377,-0.2,G
378,-0.2,F
379,-0.2,R
380,-0.2,K
381,0.4,R
382,0.4,V
383,0.4,G
384,0.4,D
385,0.4,V
386,0.4,V
387,0.4,F
388,0.4,N
389,-3.9,H
390,-3.7,K
391,-3.7,A
392,-3.7,G
393,-3.7,Y
394,-3.7,T
395,-3.7,I
396,-0.4,H
397,-0.8,R
398,-0.8,L
399,-0.8,V
400,-0.8,L
401,-0.8,V
402,0,G
403,-1,D
404,-1,D
405,-1,I
406,-1,D
407,-1,V
408,-2.2,Y
409,0.3,E
410,0.4,G
411,0.4,K
412,0.4,D
413,0.4,V
414,0.4,L
415,0.1,W
416,0.1,A
417,0.1,F
418,0.1,S
419,-0.4,T
420,-0.3,R
421,-0.3,C
422,-0.3,R
423,-0.3,P
424,-0.3,G
425,-0.3,M
426,-0.3,D
427,-0.3,E
428,0,T
429,0,L
430,0,F
431,0,E
432,0,D
433,0,V
434,0,R
435,0,G
436,0,F
437,0,P
438,0.1,L
439,0.6,I
440,0.6,P
441,0.6,Y
442,-37.7,M
443,-37.7,G
444,-37.7,H
445,-37.7,G
446,-37.7,N
447,-37.7,G
448,-37.7,P
449,-37.7,A
450,-37.7,H
451,0.6,R
452,0.6,G
453,0.6,G
454,0.6,K
455,0.6,V
456,0.6,V
457,0.6,S
458,0.6,D
459,0.6,A
460,8.2,L
461,8.2,M
462,8.2,P
463,8.2,T
464,8.2,E
465,8.2,Y
466,0.2,T
467,0.2,T
468,0.2,G
469,0.2,R
470,0.2,N
471,0.2,W
472,-13.7,E
473,-4.7,A
474,-4.7,A
475,-4.7,D
476,-4.7,F
477,-4.7,N
478,-3.5,Q
479,-3.3,S
480,-3.3,Y
481,-3.3,P
482,-3.3,E
483,-3.3,D
484,-3.3,L
485,-2.1,K
486,-1.7,Q
487,-1.9,K
488,-1.9,V
489,-1.9,L
490,-1.9,D
491,-1.9,N
492,-1.9,W
493,0.1,T
494,0.1,K
495,0.1,M
496,0.1,G
497,-0.8,F
498,-0.8,S
499,-0.8,N
500,-0.8,L
501,-0.8,E
502,0,H
503,0,H
504,0,H
505,0,H
506,0,H
507,0,H
508,0,H
